subid,community,session,speaker,language,speaking_seconds,relation_to_child
C_01,FrenchEnglish,SessionA,FA1,English,13.937,mother
C_01,FrenchEnglish,SessionA,FA1,NonEnglish,310.289,mother
C_01,FrenchEnglish,SessionB,FA1,English,0.5,mother
C_01,FrenchEnglish,SessionB,FA1,NonEnglish,215.723,mother
C_01,FrenchEnglish,SessionB,MA1,English,1.489,father
C_01,FrenchEnglish,SessionB,MA1,NonEnglish,98.258,father
C_02,FrenchEnglish,SessionA,FA1,English,283.687,mother
C_02,FrenchEnglish,SessionA,FA1,NonEnglish,9.876,mother
C_02,FrenchEnglish,SessionB,FA1,English,384.462,mother
C_02,FrenchEnglish,SessionB,FA1,NonEnglish,24.303,mother
C_02,FrenchEnglish,SessionB,MA1,English,16.271,father
C_02,FrenchEnglish,SessionB,MA1,NonEnglish,175.04,father
C_03,FrenchEnglish,SessionA,FA1,English,140.986,mother
C_03,FrenchEnglish,SessionA,FA1,NonEnglish,245.749,mother
C_03,FrenchEnglish,SessionB,FA1,English,142.353,mother
C_03,FrenchEnglish,SessionB,FA1,NonEnglish,187.059,mother
C_03,FrenchEnglish,SessionB,FC1,English,6.173,sister
C_03,FrenchEnglish,SessionB,FC1,NonEnglish,121.382,sister
C_03,FrenchEnglish,SessionB,MA1,English,22.952,father
C_03,FrenchEnglish,SessionB,MA1,NonEnglish,151.998,father
C_04,FrenchEnglish,SessionA,FA1,English,179.12,mother
C_04,FrenchEnglish,SessionA,FA1,NonEnglish,505.418,mother
C_04,FrenchEnglish,SessionB,FA1,English,52.041,mother
C_04,FrenchEnglish,SessionB,FA1,NonEnglish,341.278,mother
C_04,FrenchEnglish,SessionB,MA1,English,417.045,father
C_04,FrenchEnglish,SessionB,MA1,NonEnglish,13.532,father
C_06,FrenchEnglish,SessionA,FA1,English,9.022,mother
C_06,FrenchEnglish,SessionA,FA1,NonEnglish,208.928,mother
C_06,FrenchEnglish,SessionB,FA1,English,37.469,mother
C_06,FrenchEnglish,SessionB,FA1,NonEnglish,219.05,mother
C_06,FrenchEnglish,SessionB,MA1,English,117.594,father
C_06,FrenchEnglish,SessionB,MA1,NonEnglish,125.891,father
C_07,FrenchEnglish,SessionA,FA1,English,387.777,mother
C_07,FrenchEnglish,SessionA,FA1,NonEnglish,0,mother
C_07,FrenchEnglish,SessionB,FA1,English,286.194,mother
C_07,FrenchEnglish,SessionB,FA1,NonEnglish,14.391,mother
C_07,FrenchEnglish,SessionB,MA1,English,10.923,father
C_07,FrenchEnglish,SessionB,MA1,NonEnglish,123.791,father
C_07,FrenchEnglish,SessionB,MC1,English,70.886,brother
C_07,FrenchEnglish,SessionB,MC1,NonEnglish,45.304,brother
C_08,FrenchEnglish,SessionA,FA1,English,24.279,mother
C_08,FrenchEnglish,SessionA,FA1,NonEnglish,324.578,mother
C_08,FrenchEnglish,SessionB,FA1,English,180.004,mother
C_08,FrenchEnglish,SessionB,FA1,NonEnglish,105.86,mother
C_08,FrenchEnglish,SessionB,MA1,English,370.443,father
C_08,FrenchEnglish,SessionB,MA1,NonEnglish,22.98,father
C_10,FrenchEnglish,SessionA,FA1,English,6.994,mother
C_10,FrenchEnglish,SessionA,FA1,NonEnglish,372.959,mother
C_10,FrenchEnglish,SessionB,FA1,English,13.887,mother
C_10,FrenchEnglish,SessionB,FA1,NonEnglish,125.523,mother
C_10,FrenchEnglish,SessionB,MA1,English,328.276,father
C_10,FrenchEnglish,SessionB,MA1,NonEnglish,7.72,father
C_11,FrenchEnglish,SessionA,FA1,English,304.672,mother
C_11,FrenchEnglish,SessionA,FA1,NonEnglish,9.241,mother
C_11,FrenchEnglish,SessionB,FA1,English,282.828,mother
C_11,FrenchEnglish,SessionB,FA1,NonEnglish,19.638,mother
C_11,FrenchEnglish,SessionB,FC1,English,5.914,sister
C_11,FrenchEnglish,SessionB,FC1,NonEnglish,140.814,sister
C_11,FrenchEnglish,SessionB,MA1,English,11.416,father
C_11,FrenchEnglish,SessionB,MA1,NonEnglish,155.757,father
C_12,FrenchEnglish,SessionA,FA1,English,0.193,mother
C_12,FrenchEnglish,SessionA,FA1,NonEnglish,469.699,mother
C_12,FrenchEnglish,SessionB,FA1,English,14.332,mother
C_12,FrenchEnglish,SessionB,FA1,NonEnglish,36.4,mother
C_12,FrenchEnglish,SessionB,FA2,English,3.383,aunt
C_12,FrenchEnglish,SessionB,FA2,NonEnglish,65.051,aunt
C_12,FrenchEnglish,SessionB,FA3,English,25.074,grandmother
C_12,FrenchEnglish,SessionB,FA3,NonEnglish,440.988,grandmother
C_12,FrenchEnglish,SessionB,MA1,English,64.56,father
C_12,FrenchEnglish,SessionB,MA1,NonEnglish,21.725,father
C_12,FrenchEnglish,SessionB,MA2,English,39.666,grandfather
C_12,FrenchEnglish,SessionB,MA2,NonEnglish,246.337,grandfather
C_13,FrenchEnglish,SessionA,FA1,English,0,mother
C_13,FrenchEnglish,SessionA,FA1,NonEnglish,350.787,mother
C_13,FrenchEnglish,SessionB,FA1,English,17.08,mother
C_13,FrenchEnglish,SessionB,FA1,NonEnglish,401.107,mother
C_13,FrenchEnglish,SessionB,FC1,English,0,sister
C_13,FrenchEnglish,SessionB,FC1,NonEnglish,0.84,sister
C_13,FrenchEnglish,SessionB,MA1,English,42.808,father
C_13,FrenchEnglish,SessionB,MA1,NonEnglish,13.107,father
C_16,FrenchEnglish,SessionA,FA1,English,77.845,mother
C_16,FrenchEnglish,SessionA,FA1,NonEnglish,353.932,mother
C_16,FrenchEnglish,SessionB,FA1,English,132.232,mother
C_16,FrenchEnglish,SessionB,FA1,NonEnglish,230.408,mother
C_16,FrenchEnglish,SessionB,MA1,English,53.037,father
C_16,FrenchEnglish,SessionB,MA1,NonEnglish,103.412,father
C_17,FrenchEnglish,SessionA,FA1,English,462.084,mother
C_17,FrenchEnglish,SessionA,FA1,NonEnglish,16.85,mother
C_17,FrenchEnglish,SessionB,FA1,English,299.331,mother
C_17,FrenchEnglish,SessionB,FA1,NonEnglish,31.79,mother
C_17,FrenchEnglish,SessionB,MA1,English,13.34,father
C_17,FrenchEnglish,SessionB,MA1,NonEnglish,190.967,father
C_18,FrenchEnglish,SessionA,FA1,English,315.734,mother
C_18,FrenchEnglish,SessionA,FA1,NonEnglish,74.484,mother
C_18,FrenchEnglish,SessionB,FA1,English,304.818,mother
C_18,FrenchEnglish,SessionB,FA1,NonEnglish,134.666,mother
C_18,FrenchEnglish,SessionB,MA1,English,29.753,father
C_18,FrenchEnglish,SessionB,MA1,NonEnglish,130.707,father
C_19,FrenchEnglish,SessionA,FA1,English,242.809,mother
C_19,FrenchEnglish,SessionA,FA1,NonEnglish,107.314,mother
C_19,FrenchEnglish,SessionB,FA1,English,87.052,mother
C_19,FrenchEnglish,SessionB,FA1,NonEnglish,38.365,mother
C_19,FrenchEnglish,SessionB,FA2,English,59.99,grandmother
C_19,FrenchEnglish,SessionB,FA2,NonEnglish,46.076,grandmother
C_19,FrenchEnglish,SessionB,MA1,English,325.398,father
C_19,FrenchEnglish,SessionB,MA1,NonEnglish,35.832,father
C_20,FrenchEnglish,SessionA,FA1,English,574.32,mother
C_20,FrenchEnglish,SessionA,FA1,NonEnglish,14.56,mother
C_20,FrenchEnglish,SessionB,FA1,English,394.355,mother
C_20,FrenchEnglish,SessionB,FA1,NonEnglish,3.34,mother
C_20,FrenchEnglish,SessionB,MA1,English,48.829,father
C_20,FrenchEnglish,SessionB,MA1,NonEnglish,308.856,father
P_01,SpanishEnglish,SessionA,MA1,English,28.076,father
P_01,SpanishEnglish,SessionA,MA1,NonEnglish,195.787,father
P_01,SpanishEnglish,SessionB,FA1,English,39.399,mother
P_01,SpanishEnglish,SessionB,FA1,NonEnglish,224.766,mother
P_01,SpanishEnglish,SessionB,MA1,English,37.45,father
P_01,SpanishEnglish,SessionB,MA1,NonEnglish,144.812,father
P_03,SpanishEnglish,SessionA,FA1,English,580.623,mother
P_03,SpanishEnglish,SessionA,FA1,NonEnglish,46.687,mother
P_03,SpanishEnglish,SessionB,FA1,English,59.118,mother
P_03,SpanishEnglish,SessionB,FA1,NonEnglish,77.615,mother
P_03,SpanishEnglish,SessionB,FA2,English,28.654,nanny
P_03,SpanishEnglish,SessionB,FA2,NonEnglish,142.23,nanny
P_03,SpanishEnglish,SessionB,FA3,English,0,grandmother
P_03,SpanishEnglish,SessionB,FA3,NonEnglish,8.646,grandmother
P_04,SpanishEnglish,SessionA,FA1,English,139.214,mother
P_04,SpanishEnglish,SessionA,FA1,NonEnglish,74.343,mother
P_04,SpanishEnglish,SessionB,FA1,English,191.267,mother
P_04,SpanishEnglish,SessionB,FA1,NonEnglish,44.885,mother
P_04,SpanishEnglish,SessionB,FC1,English,385.58,sister
P_04,SpanishEnglish,SessionB,FC1,NonEnglish,2.662,sister
P_06,SpanishEnglish,SessionA,MA1,English,318.796,father
P_06,SpanishEnglish,SessionA,MA1,NonEnglish,2.606,father
P_06,SpanishEnglish,SessionB,FA1,English,130.716,mother
P_06,SpanishEnglish,SessionB,FA1,NonEnglish,148.341,mother
P_06,SpanishEnglish,SessionB,MA1,English,131.082,father
P_06,SpanishEnglish,SessionB,MA1,NonEnglish,1.928,father
P_07,SpanishEnglish,SessionA,FA1,English,144.13,mother
P_07,SpanishEnglish,SessionA,FA1,NonEnglish,336.938,mother
P_07,SpanishEnglish,SessionB,FA1,English,73.429,mother
P_07,SpanishEnglish,SessionB,FA1,NonEnglish,290.995,mother
P_07,SpanishEnglish,SessionB,MC1,English,54.86,brother
P_07,SpanishEnglish,SessionB,MC1,NonEnglish,78.867,brother
P_08,SpanishEnglish,SessionA,FA1,English,248.865,mother
P_08,SpanishEnglish,SessionA,FA1,NonEnglish,28.135,mother
P_08,SpanishEnglish,SessionB,FA1,English,50.864,mother
P_08,SpanishEnglish,SessionB,FA1,NonEnglish,18.407,mother
P_08,SpanishEnglish,SessionB,MA1,English,5.868,father
P_08,SpanishEnglish,SessionB,MA1,NonEnglish,23.517,father
P_08,SpanishEnglish,SessionB,FC1,English,0,sister
P_08,SpanishEnglish,SessionB,FC1,NonEnglish,0,sister
P_09,SpanishEnglish,SessionA,FA1,English,361.189,mother
P_09,SpanishEnglish,SessionA,FA1,NonEnglish,2.129,mother
P_09,SpanishEnglish,SessionB,FA1,English,264.297,mother
P_09,SpanishEnglish,SessionB,FA1,NonEnglish,10.65,mother
P_09,SpanishEnglish,SessionB,FA2,English,73.826,grandmother
P_09,SpanishEnglish,SessionB,FA2,NonEnglish,226.817,grandmother
P_09,SpanishEnglish,SessionB,FC1,English,246.493,sister
P_09,SpanishEnglish,SessionB,FC1,NonEnglish,9.475,sister
P_12,SpanishEnglish,SessionA,FA1,English,7.011,mother
P_12,SpanishEnglish,SessionA,FA1,NonEnglish,220.372,mother
P_12,SpanishEnglish,SessionB,FA1,English,60.088,mother
P_12,SpanishEnglish,SessionB,FA1,NonEnglish,284.099,mother
P_12,SpanishEnglish,SessionB,FC1,English,430.007,sister
P_12,SpanishEnglish,SessionB,FC1,NonEnglish,7.231,sister
P_12,SpanishEnglish,SessionB,MA1,English,51.116,father
P_12,SpanishEnglish,SessionB,MA1,NonEnglish,0.43,father
P_16,SpanishEnglish,SessionA,FA1,English,150.458,mother
P_16,SpanishEnglish,SessionA,FA1,NonEnglish,404.433,mother
P_16,SpanishEnglish,SessionB,FA1,English,45.242,mother
P_16,SpanishEnglish,SessionB,FA1,NonEnglish,310.334,mother
P_16,SpanishEnglish,SessionB,FA2,English,14.288,grandmother
P_16,SpanishEnglish,SessionB,FA2,NonEnglish,426.472,grandmother
P_20,SpanishEnglish,SessionA,FA1,English,22.21,mother
P_20,SpanishEnglish,SessionA,FA1,NonEnglish,383.192,mother
P_20,SpanishEnglish,SessionB,FA1,English,30.155,mother
P_20,SpanishEnglish,SessionB,FA1,NonEnglish,222.695,mother
P_20,SpanishEnglish,SessionB,MA1,English,188.7,father
P_20,SpanishEnglish,SessionB,MA1,NonEnglish,21.765,father
P_21,SpanishEnglish,SessionA,FA1,English,221.188,mother
P_21,SpanishEnglish,SessionA,FA1,NonEnglish,70.724,mother
P_21,SpanishEnglish,SessionB,FA1,English,193.416,mother
P_21,SpanishEnglish,SessionB,FA1,NonEnglish,49.47,mother
P_21,SpanishEnglish,SessionB,MA1,English,27.62,father
P_21,SpanishEnglish,SessionB,MA1,NonEnglish,232.448,father
P_21,SpanishEnglish,SessionB,MC1,English,27.154,brother
P_21,SpanishEnglish,SessionB,MC1,NonEnglish,12.092,brother